{"train/update_s":0.13755884644575417,"train/episodes":100.3185112732927,"train/loss":0.013161463662981987,"train/grad_norm":0.2513869759067893,"train/epochs":4.012740450931708,"_wandb":{"runtime":2938},"train/steps":20000,"_step":20000,"train/samples":160000,"train/dataloading_s":0.030900070113129913,"_timestamp":1.7650857858542175e+09,"train/lr":2.5079586201270073e-06,"_runtime":2938.006863737}