{"_wandb":{"runtime":2911},"_runtime":2911.468008304,"train/grad_norm":0.2237766896560788,"train/lr":2.5079586201270073e-06,"train/epochs":6.690641465250481,"_step":20000,"train/dataloading_s":0.004194420431740582,"train/update_s":0.13655453090090305,"train/steps":20000,"train/loss":0.010095239616930485,"_timestamp":1.7650738801129405e+09,"train/samples":160000,"train/episodes":66.90641465250481}