{"train/grad_norm":0.29093300603330136,"_timestamp":1.7650695173331103e+09,"train/episodes":100.32480154500195,"train/loss":0.009779862128198147,"train/lr":2.5079586201270073e-06,"_runtime":2829.400130048,"train/samples":160000,"train/update_s":0.13357919241767377,"train/dataloading_s":0.026299582212232053,"train/epochs":2.006496030900039,"_wandb":{"runtime":2829},"train/steps":20000,"_step":20000}