{"train/grad_norm":0.34449453964829446,"train/epochs":5.01798109893786,"train/update_s":0.17743122856598348,"_step":15000,"train/samples":120000,"train/lr":2.514148117681021e-06,"_timestamp":1.7650473387340736e+09,"train/steps":15000,"_wandb":{"runtime":2999},"train/episodes":50.1798109893786,"_runtime":2999.145150657,"train/loss":0.039732594043016434,"train/dataloading_s":0.021775159290991723}