{"_wandb":{"runtime":1622},"train/steps":10000,"train/samples":80000,"_runtime":1622.72402483,"_timestamp":1.765024896235513e+09,"train/loss":0.027941422536969185,"train/dataloading_s":0.004773278716020286,"_step":10000,"train/update_s":0.15101848118007183,"train/episodes":50.15883631499749,"train/epochs":3.343922420999833,"train/grad_norm":0.32763163013383745,"train/lr":2.531829791523847e-06}