{"_wandb":{"runtime":4729},"_timestamp":1.765040769925959e+09,"train/episodes":150.48720231750292,"train/grad_norm":0.3060015841573477,"train/steps":30000,"_runtime":4729.476501586,"train/samples":240000,"train/loss":0.029057158157229424,"train/epochs":3.0097440463500584,"_step":30000,"train/lr":2.5035372609900696e-06,"train/update_s":0.14769762902054936,"train/dataloading_s":0.02204931863117963}